{	
	"extrinsic_ASEva": [0.9877385253587324,0.04485294397615925,0.14953534344370953,-2.3813466981410856,
	-0.04666484299877597,0.9988733367332472,0.008628417658450441,0.05940603757840348,
	-0.14897985753133286,-0.015500663858705835,0.9887187322337345,-1.1271325680468036,
	0,0,0,1],

	"extrinsic": [0.04666484299877597,-0.9988733367332472,-0.008628417658450441,-0.05940603757840348,
	0.14897985753133286,0.015500663858705835,-0.9887187322337345,1.1271325680468036,
	0.9877385253587324,0.04485294397615925,0.14953534344370953,-2.3813466981410856,
	0,0,0,1],

	"internal": [1903.9820477714386,0,1919.5,
	0,1903.9820477714386,1079.5,
	0,0,1]

}
