{	
	"extrinsic_ASEva": [-0.9981944967483007,0.02613864280264529,-0.05407881298477529,-0.4373997440434875,
	-0.028047678635102116,-0.9989989563771037,0.034848427233375924,-0.0759341603709173,
	-0.05311378714221589,0.036302293452254226,0.9979283887662069,-1.7746843288876633,
	0,0,0,1],

	"extrinsic": [0.028047678635102116,0.9989989563771037,-0.034848427233375924,0.0759341603709173,
	0.05311378714221589,-0.036302293452254226,-0.9979283887662069,1.7746843288876633,
	-0.9981944967483007,0.02613864280264529,-0.05407881298477529,-0.4373997440434875,
	0,0,0,1],

	"internal": [1946.259242247465,0,959.5,
	0,1946.259242247465,539.5,
	0,0,1]

}
