{	
	"extrinsic_ASEva": [0.9002844900221094,0.4352145271056861,-0.008726535498373935,-2.7069797440103565,
	-0.43529732169542795,0.9000008698978831,-0.022686469708636782,0.257026716083427,
	-0.0020195916462105307,0.02422291434216435,0.9997045421875179,-0.9580745966452681,
	0,0,0,1],

	"extrinsic": [0.43529732169542795,-0.9000008698978831,0.022686469708636782,-0.257026716083427,
	0.0020195916462105307,-0.02422291434216435,-0.9997045421875179,0.9580745966452681,
	0.9002844900221094,0.4352145271056861,-0.008726535498373935,-2.7069797440103565,
	0,0,0,1],

	"internal": [1287.7042701242567,0,959.5,
	0,1287.7042701242567,539.5,
	0,0,1]

}
