{	
	"extrinsic_ASEva": [-0.859840484954685,0.5105359195156087,-0.00523596383141958,1.536771484597389,
	-0.5103865863065498,-0.8597679654291791,-0.01745216720401426,2.1121847084393908,
	-0.013411672201441953,-0.012333714206267072,0.9998339894915751,-0.9252449197715935,
	0,0,0,1],
	
	"extrinsic": [0.5103865863065498,0.8597679654291791,0.01745216720401426,-2.1121847084393908,
	0.013411672201441953,0.012333714206267072,-0.9998339894915751,0.9252449197715935,
	-0.859840484954685,0.5105359195156087,-0.00523596383141958,1.536771484597389,
	0,0,0,1],
	
	"internal": [1306.8816348444357,0,959.5,
	0,1306.8816348444357,539.5,
	0,0,1]

}
