{	
	"extrinsic_ASEva": [-0.8544588301328072,-0.5195191118795096,0,1.5133753212824352,
	0.5194399866024231,-0.8543286919143137,0.01745240643728351,-2.083336352479382,
	-0.009066858692457767,0.014912362787403544,0.9998476951563913,-0.9137799403418686,
	0,0,0,1],
	
	"extrinsic": [-0.5194399866024231,0.8543286919143137,-0.01745240643728351,2.083336352479382,
	0.009066858692457767,-0.014912362787403544,-0.9998476951563913,0.9137799403418686,
	-0.8544588301328072,-0.5195191118795096,0,1.5133753212824352,
	0,0,0,1],
	
	"internal": [1303.3025322670073,0,959.5,
	0,1303.3025322670073,539.5,
	0,0,1]

}
