{	
	
	"extrinsic_ASEva": [0.9039710152402528,-0.42730514130814345,-0.015707317311820675,-2.5882638113520873,
	0.4274465878408009,0.9040136550807946,0.0069803990372037114,-0.15404581188849675,
	0.011216868937593289,-0.013024117593513612,0.9998522661934347,-1.0197300283333723,
	0,0,0,1],
	
	"extrinsic": [-0.4274465878408009,-0.9040136550807946,-0.0069803990372037114,0.15404581188849675,
	-0.011216868937593289,0.013024117593513612,-0.9998522661934347,1.0197300283333723,
	0.9039710152402528,-0.42730514130814345,-0.015707317311820675,-2.5882638113520873,
	0,0,0,1],
	
	"internal": [1223.4536234785176,0,959.5,
	0,1223.4536234785176,539.5,
	0,0,1]

}
