{	
	"extrinsic_ASEva": [0.8969509016405689,0.023487485961771436,-0.4415058527917452,-3.045639261688,
	-0.04617116262181224,0.9981039749574641,-0.040702320772410164,0.22654842009172596,
	0.43971275145067235,0.056892821843406514,0.8963347048030517,-2.717117277744654,
	0,0,0,1],

	"extrinsic": [0.04617116262181224,-0.9981039749574641,0.040702320772410164,-0.22654842009172596,
	-0.43971275145067235,-0.056892821843406514,-0.8963347048030517,2.717117277744654,
	0.8969509016405689,0.023487485961771436,-0.4415058527917452,-3.045639261688,
	0,0,0,1],

	"internal": [448.4715556893676,0,959.5,
	0,448.4715556893676,767.5,
	0,0,1]

}
