{	
	"extrinsic_ASEva": [-0.07254997721644789,0.8129065547452208,-0.5778576243835053,-0.005965735516911375,
	-0.9973554553734018,-0.05662651031682718,0.04555802855976834,2.136728756827705,
	0.0043123593086958345,0.5796346880420405,0.8148650391172756,-1.473609049152886,
	0,0,0,1],

	"extrinsic": [0.9973554553734018,0.05662651031682718,-0.04555802855976834,-2.136728756827705,
	-0.0043123593086958345,-0.5796346880420405,-0.8148650391172756,1.473609049152886,
	-0.07254997721644789,0.8129065547452208,-0.5778576243835053,-0.005965735516911375,
	0,0,0,1],

	"internal": [446.6358439165964,0,959.5,
	0,446.6358439165964,767.5,
	0,0,1]

}
