{   
	"extrinsic_ASEva": [-0.8289567612963329,-0.011575172095940842,-0.5591929034707469,-0.3964767326761467,
	0.008106238214231867,-0.9999294577202101,0.008681502484052854,-0.06843943642862747,
	-0.559253946613798,0.002663639299124683,0.8289921158989243,-1.1352494192853744,
	0,0,0,1],

	"extrinsic": [-0.008106238214231867,0.9999294577202101,-0.008681502484052854,0.06843943642862747,
	0.559253946613798,-0.002663639299124683,-0.8289921158989243,1.1352494192853744,
	-0.8289567612963329,-0.011575172095940842,-0.5591929034707469,-0.3964767326761467,
	0,0,0,1],

	"internal": [449.49255958693874,0,959.5,
	0,449.49255958693874,767.5,
	0,0,1]

}
