{	
	"extrinsic_ASEva": [-0.0616675230503265,-0.8603063095027281,-0.5060337641211637,-0.14484313246481184,
	0.9979202980430509,-0.0626776497464387,-0.015052939112717762,-2.1967531701089165,
	-0.018766868532226786,-0.5059096421813473,0.8623823041977585,-1.3988727521094282,
	0,0,0,1],

	"extrinsic": [-0.9979202980430509,0.0626776497464387,0.015052939112717762,2.1967531701089165,
	0.018766868532226786,0.5059096421813473,-0.8623823041977585,1.3988727521094282,
	-0.0616675230503265,-0.8603063095027281,-0.5060337641211637,-0.14484313246481184,
	0,0,0,1],

	"internal": [448.6756898161076,0,959.5,
	0,448.6756898161076,767.5,
	0,0,1]

}
